{
  "code": 200,
  "data": [{
    "id": "2",
    "consignee": "test",
    "phone_number": "18079775521",
    "address": "test"
  }, {
    "id": "3",
    "consignee": "zzzzzzzz1",
    "phone_number": "18079775321",
    "address": "test"
  }, {
    "id": "4",
    "consignee": "fffffffffffffff",
    "phone_number": "15078977897"
  }, {
    "id": "5",
    "consignee": "te",
    "phone_number": "18079175321",
    "address": "dsa"
  }, {
    "id": "6",
    "consignee": "zzzffff",
    "phone_number": "18079775511",
    "address": "dsadas"
  }],
  "msg": ""
}