{
    "msg": "",
    "code": 0,
    "data": [
        {"id":"1", "pId":"0", "name":"水果"},
        {"id":"101", "pId":"1", "name":"苹果"},
        {"id":"102", "pId":"1", "name":"香蕉"},
        {"id":"103", "pId":"1", "name":"梨"},
        {"id":"10101", "pId":"101", "name":"红富士苹果"},
        {"id":"10102", "pId":"101", "name":"红星苹果"},
        {"id":"10103", "pId":"101", "name":"嘎拉"},
        {"id":"10104", "pId":"101", "name":"桑萨"},
        {"id":"10201", "pId":"102", "name":"千层蕉"},
        {"id":"10202", "pId":"102", "name":"仙人蕉"},
        {"id":"10203", "pId":"102", "name":"吕宋蕉"}
    ],
    "count": 924,
    "is": true,
    "tip": "操作成功！"
}